{
  "project_info": {
    "project_number": "143564033650",
    "project_id": "callkit-8c8ab",
    "storage_bucket": "callkit-8c8ab.appspot.com"
  },
  "client": [
    {
      "client_info": {
        "mobilesdk_app_id": "1:143564033650:android:c8b31eed438925cc06fceb",
        "android_client_info": {
          "package_name": "com.test.callkit"
        }
      },
      "oauth_client": [
        {
          "client_id": "143564033650-g9nmlvjcsc1hmk1s72gptfjsfhvoeheq.apps.googleusercontent.com",
          "client_type": 3
        }
      ],
      "api_key": [
        {
          "current_key": "AIzaSyC4orutTPNhUAhHcIdQ32NR_9Tpf1lUUqQ"
        }
      ],
      "services": {
        "appinvite_service": {
          "other_platform_oauth_client": [
            {
              "client_id": "143564033650-g9nmlvjcsc1hmk1s72gptfjsfhvoeheq.apps.googleusercontent.com",
              "client_type": 3
            }
          ]
        }
      }
    }
  ],
  "configuration_version": "1"
}